INSERT INTO Brands VALUES ('Victoria Secrets');
INSERT INTO Brands VALUES ('Louis Vuiton');
INSERT INTO Brands VALUES ('Dodge and Garbana');
INSERT INTO Brands VALUES ('Levis');
INSERT INTO Brands VALUES ('Prada');
INSERT INTO Brands VALUES ('Gucci');

INSERT INTO Categories VALUES ('Top');
INSERT INTO Categories VALUES ('Bottom');
INSERT INTO Categories VALUES ('Shoes');
INSERT INTO Categories VALUES ('Accessories');

INSERT INTO Genders VALUES ('Man');
INSERT INTO Genders VALUES ('Woman');
INSERT INTO Genders VALUES ('Unisex');

INSERT INTO SubCategories(Category_Id, Gender_Id, Name) VALUES ('1', '1', 'Denim');
INSERT INTO SubCategories(Category_Id, Gender_Id, Name) VALUES ('1', '1', 'Shirt');
INSERT INTO SubCategories(Category_Id, Gender_Id, Name) VALUES ('1', '2', 'Dress');
INSERT INTO SubCategories(Category_Id, Gender_Id, Name) VALUES ('1', '2', 'Shirt');
INSERT INTO SubCategories(Category_Id, Gender_Id, Name) VALUES ('1', '2', 'Bikini');
INSERT INTO SubCategories(Category_Id, Gender_Id, Name) VALUES ('1', '3', 'Shirt');
INSERT INTO SubCategories(Category_Id, Gender_Id, Name) VALUES ('1', '3', 'Jacket');
INSERT INTO SubCategories(Category_Id, Gender_Id, Name) VALUES ('2', '1', 'Jeans');
INSERT INTO SubCategories(Category_Id, Gender_Id, Name) VALUES ('2', '1', 'Shorts');
INSERT INTO SubCategories(Category_Id, Gender_Id, Name) VALUES ('2', '2', 'Jeans');
INSERT INTO SubCategories(Category_Id, Gender_Id, Name) VALUES ('2', '3', 'Short');
INSERT INTO SubCategories(Category_Id, Gender_Id, Name) VALUES ('3', '3', 'Sneakers');
INSERT INTO SubCategories(Category_Id, Gender_Id, Name) VALUES ('4', '3', 'Watch');
INSERT INTO SubCategories(Category_Id, Gender_Id, Name) VALUES ('1', '3', 'Belt');
INSERT INTO SubCategories(Category_Id, Gender_Id, Name) VALUES ('1', '3', 'Cap');

INSERT INTO Products(Name, Price, SubCategory_Id, Brand_Id, Image) VALUES ('Black Short Dress', '39.55', '3', '5', 'black-short-dress.jpg');
INSERT INTO Products(Name, Price, SubCategory_Id, Brand_Id, Image) VALUES ('Black Short Top 2019', '29.55', '4', '2', 'black-short-top-2019.jpg');
INSERT INTO Products(Name, Price, SubCategory_Id, Brand_Id, Image) VALUES ('Black-white Long Strips Top', '30.00', '4', '1', 'black-white-long-strips-top.jpg');
INSERT INTO Products(Name, Price, SubCategory_Id, Brand_Id, Image) VALUES ('Blue Strips Long Top', '19.99', '4', '3', 'blue-strips-long-top.jpg');
INSERT INTO Products(Name, Price, SubCategory_Id, Brand_Id, Image) VALUES ('DG Black Jacket 2019', '28.55', '7', '3', 'dg-black-jacket-2019.jpg');
INSERT INTO Products(Name, Price, SubCategory_Id, Brand_Id, Image) VALUES ('Flamboyant White Top', '23.45', '4', '6', 'flamboyant-white-top.jpg');
INSERT INTO Products(Name, Price, SubCategory_Id, Brand_Id, Image) VALUES ('Levis Modern Watch', '119.55', '13', '4', 'levis-modern-watch.jpg');
INSERT INTO Products(Name, Price, SubCategory_Id, Brand_Id, Image) VALUES ('LV Black Short Bikini', '23.55', '5', '2', 'lv-black-short-bikini.jpg');
INSERT INTO Products(Name, Price, SubCategory_Id, Brand_Id, Image) VALUES ('Gucci Pink Dress 2019', '40.00', '3', '6', 'gucci-pink-dress-2019.jpg');
INSERT INTO Products(Name, Price, SubCategory_Id, Brand_Id, Image) VALUES ('Prada Short Top', '43.20', '4', '5', 'prada-short-top.jpg');
INSERT INTO Products(Name, Price, SubCategory_Id, Brand_Id, Image) VALUES ('Victoria Secret White Tank Top', '21.55', '4', '1', 'vs-white-tank-top.jpg');
INSERT INTO Products(Name, Price, SubCategory_Id, Brand_Id, Image) VALUES ('White Long Top', '10.55', '4', '5', 'white-long-top.jpg');

INSERT INTO ProductWarehouses(Product_Id, Size, Amount, Sold) VALUES ('1', 'M', '30', '5');
INSERT INTO ProductWarehouses(Product_Id, Size, Amount, Sold) VALUES ('1', 'S', '40', '0');
INSERT INTO ProductWarehouses(Product_Id, Size, Amount, Sold) VALUES ('2', 'M', '36', '15');
INSERT INTO ProductWarehouses(Product_Id, Size, Amount, Sold) VALUES ('3', 'M', '33', '25');
INSERT INTO ProductWarehouses(Product_Id, Size, Amount, Sold) VALUES ('4', 'M', '38', '15');
INSERT INTO ProductWarehouses(Product_Id, Size, Amount, Sold) VALUES ('5', 'M', '43', '4');
INSERT INTO ProductWarehouses(Product_Id, Size, Amount, Sold) VALUES ('6', 'M', '42', '6');
INSERT INTO ProductWarehouses(Product_Id, Size, Amount, Sold) VALUES ('7', 'M', '46', '7');
INSERT INTO ProductWarehouses(Product_Id, Size, Amount, Sold) VALUES ('8', 'M', '50', '8');
INSERT INTO ProductWarehouses(Product_Id, Size, Amount, Sold) VALUES ('9', 'M', '34', '19');
INSERT INTO ProductWarehouses(Product_Id, Size, Amount, Sold) VALUES ('10', 'M', '38', '10');
INSERT INTO ProductWarehouses(Product_Id, Size, Amount, Sold) VALUES ('11', 'M', '50', '4');
INSERT INTO ProductWarehouses(Product_Id, Size, Amount, Sold) VALUES ('12', 'M', '30', '20');
INSERT INTO ProductWarehouses(Product_Id, Size, Amount, Sold) VALUES ('2', 'S', '67', '5');
INSERT INTO ProductWarehouses(Product_Id, Size, Amount, Sold) VALUES ('3', 'S', '30', '6');
INSERT INTO ProductWarehouses(Product_Id, Size, Amount, Sold) VALUES ('4', 'S', '44', '20');
INSERT INTO ProductWarehouses(Product_Id, Size, Amount, Sold) VALUES ('5', 'S', '45', '3');
INSERT INTO ProductWarehouses(Product_Id, Size, Amount, Sold) VALUES ('6', 'S', '46', '14');
INSERT INTO ProductWarehouses(Product_Id, Size, Amount, Sold) VALUES ('7', 'S', '43', '15');
INSERT INTO ProductWarehouses(Product_Id, Size, Amount, Sold) VALUES ('8', 'S', '40', '0');
INSERT INTO ProductWarehouses(Product_Id, Size, Amount, Sold) VALUES ('9', 'S', '23', '0');
INSERT INTO ProductWarehouses(Product_Id, Size, Amount, Sold) VALUES ('10', 'S', '34', '13');
INSERT INTO ProductWarehouses(Product_Id, Size, Amount, Sold) VALUES ('11', 'S', '56', '16');
INSERT INTO ProductWarehouses(Product_Id, Size, Amount, Sold) VALUES ('12', 'S', '47', '0');

INSERT INTO ProductSingleImages VALUES ('black-short-dress.jpg', 'thumb/black-short-dress.jpg', '1');
INSERT INTO ProductSingleImages VALUES ('black-short-top-2019.jpg', 'thumb/black-short-top-2019.jpg', '2');
INSERT INTO ProductSingleImages VALUES ('black-white-long-strips-top.jpg', 'thumb/black-white-long-strips-top.jpg', '3');
INSERT INTO ProductSingleImages VALUES ('blue-strips-long-top.jpg', 'thumb/blue-strips-long-top.jpg', '4');
INSERT INTO ProductSingleImages VALUES ('dg-black-jacket-2019.jpg', 'thumb/dg-black-jacket-2019.jpg', '5');
INSERT INTO ProductSingleImages VALUES ('flamboyant-white-top.jpg', 'thumb/flamboyant-white-top.jpg', '6');
INSERT INTO ProductSingleImages VALUES ('levis-modern-watch.jpg', 'thumb/levis-modern-watch.jpg', '7');
INSERT INTO ProductSingleImages VALUES ('lv-black-short-bikini.jpg', 'thumb/lv-black-short-bikini.jpg', '8');
INSERT INTO ProductSingleImages VALUES ('gucci-pink-dress-2019.jpg', 'thumb/gucci-pink-dress-2019.jpg', '9');
INSERT INTO ProductSingleImages VALUES ('prada-short-top.jpg', 'thumb/prada-short-top.jpg', '10');
INSERT INTO ProductSingleImages VALUES ('vs-white-tank-top.jpg', 'thumb/vs-white-tank-top.jpg', '11');
INSERT INTO ProductSingleImages VALUES ('white-long-top.jpg', 'thumb/white-long-top.jpg', '12');
INSERT INTO ProductSingleImages VALUES ('blue-strips-long-top-1.jpg', 'thumb/blue-strips-long-top-1.jpg', '4');
INSERT INTO ProductSingleImages VALUES ('blue-strips-long-top-2.jpg', 'thumb/blue-strips-long-top-2.jpg', '4');
INSERT INTO ProductSingleImages VALUES ('blue-strips-long-top-3.jpg', 'thumb/blue-strips-long-top-3.jpg', '4');